501000,GJXX
501001,CTJX
501002,NYHL
501003,CXYX
501005,JZYL
501006,JZYC
501007,HLYL
501008,HLYC
501009,SWKJ
501010,SWKC
501011,ZYJJ
501012,ZYC
501015,CTSJ
501016,QSJJ
501017,GTRF
501018,NFYY
501019,JGJJ
501020,GQG
501021,XGZX
501022,YHXS
501023,GZXQ
501025,XGYH
501026,CTFX
501027,GTRX
501028,CTFR
501029,HLJJ
501030,HJZL
501031,HJC
501032,CTFS
501035,CJRX
501036,ZZ500A
501037,ZZ500C
501038,YHMZ
501039,TFRF
501040,TFRC
501043,HS300A
501045,HS300C
501046,CTFX
501047,QZZQ
501048,ZQC
501049,DZRX
501050,W
501051,YXHL
501057,XNYC
501058,XNCC
501059,GQHL
501106,SNGK
501300,MYZ
501301,XGDP
501302,HSLJ
501303,HSZX
501305,GGGX
501306,GGGC
501307,YHGG
502000,500DQ
502001,500DQA
502002,500DQB
502003,JGFJ
502004,JGA
502005,JGB
502006,GQGG
502007,GQGA
502008,GQGB
502010,ZQFJ
502011,ZQA
502012,ZQB
502013,YDYL
502014,YDYA
502015,YDYB
502016,DLFJ
502017,DLA
502018,DLB
502020,GJ50
502021,GJ50A
502022,GJ50B
502023,GTFJ
502024,GTA
502025,GTB
502030,GTFJ
502031,GTA
502032,GTB
502036,HLJR
502037,WJA
502038,WJB
502040,S50FJ
502041,S50A
502042,S50B
502048,50FJ
502049,SZ50A
502050,SZ50B
502053,QSFJ
502054,QSA
502055,QSB
502056,YLFJ
502057,YLA
502058,YLB
505888,JSYH
510010,ZLETF
510020,CDETF
510030,JZETF
510050,W
510060,YQETF
510070,MQETF
510090,ZRETF
510110,ZQETF
510120,FZETF
510130,ZPETF
510150,XFETF
510160,XKETF
510170,SPETF
510180,Y
510190,LTETF
510210,ZZETF
510220,ZXETF
510230,JRETF
510260,XXETF
510270,GQETF
510280,CCETF
510290,S
510300,S
510310,H
510330,HX300
510360,GF300
510380,GS300
510390,PA300
510410,ZYETF
510420,Y
510430,50DQ
510440,500HS
510500,W
510510,GF500
510520,NA500
510560,GS500
510580,Z
510590,PA500
510630,XFHY
510650,JRHY
510660,YYHY
510680,WJ50
510710,S50ETF
510800,SZ50
510810,SHGQ
510880,HLETF
510900,HGETF
511010,GZETF
511220,CTETF
511230,ZQZ
511260,SNGZ
511280,ZQXY
511290,GZSN
511310,SNZ
511600,HBETF
511620,HBJJ
511650,HXKX
511660,JXTY
511670,HTTJ
511680,AXHB
511690,JYHB
511700,CNHB
511770,JYZY
511800,YHB
511810,LCJH
511820,PHTL
511830,HTHB
511850,CFBE
511860,BSHB
511880,YHRL
511900,FGHB
511910,RTHB
511920,GFHB
511930,ZRRY
511950,GFTL
511960,JSKX
511970,GSHB
511980,XJTF
511990,HBTY
512000,QSETF
512010,YYETF
512070,FYETF
512090,MSCIYJ
512100,Y
512120,YYGJ
512160,MSCIJJ
512180,JXMSCI
512200,FDC
512210,JSSP
512220,JSTMT
512230,JSYY
512280,JSMSCI
512300,500YY
512310,500GY
512330,500XX
512340,500YL
512360,MSCIGJ
512390,MSCIDB
512400,YSJS
512500,ZZ500
512510,E
512520,M
512550,FSA50
512560,ZZJG
512570,ZZZQ
512580,HBETF
512600,ZYXF
512610,YYWS
512640,JRDC
512660,JGETF
512680,JGJJ
512700,YHJJ
512780,JJJJ
512800,YHETF
512810,JGHY
512880,ZQETF
512900,ZQJJ
512980,CMETF
512990,MSCIAG
513030,DG30
513050,ZGHL
513100,NZETF
513500,BP500
513600,HZETF
513660,HST
513900,GGJX
518800,HJJJ
518880,HJETF
519001,YHYX
519002,AXXF
519003,HFSY
519005,HFGP
519007,HFHB
519008,TFYS
519011,HFJX
519013,HFYS
519015,HFEH
519017,DCCC
519018,TFJH
519019,DCJY
519020,GTJT
519021,JDJZ
519023,HFZQ
519025,HFLX
519026,HFXP
519027,HFZQ
519028,HXWZ
519029,HXWZ
519030,HFWG
519032,HFFZ
519033,HFGC
519034,HFDT
519035,FGTB
519039,CSTD
519050,HFAY
519056,HFNX
519060,HFCC
519061,HFCA
519062,HFDC
519066,TFLC
519068,TFJD
519069,TFJZ
519078,TFZS
519087,XHFH
519089,XHCC
519093,XHZS
519095,XHHY
519097,XHSZ
519099,XHZT
519100,CS100
519110,JZA
519111,PYSY
519112,SYZC
519113,PYSH
519115,PYHL
519116,PY300
519117,PY400
519118,XFZA
519119,XFZB
519120,XXCY
519121,6YZA
519122,6YZC
519123,PYTA
519124,PYTC
519125,XFA
519126,XJJ
519127,SSA
519128,YYYA
519129,YYYC
519130,HFXN
519132,HFSJ
519133,HFGG
519134,HFFX
519136,HFTRFYNDKZ
519137,HFRF
519138,HFRX
519150,XHXF
519152,XHCA
519153,XHCC
519156,XHPZ
519158,XHQS
519160,XHHA
519161,XHHC
519162,XHZA
519163,XHZC
519165,XHXLLHPZ
519167,XHJX
519170,PYZC
519171,PYYL
519172,RZA
519173,RZC
519175,PYJQ
519180,WJ180
519181,WJHX
519183,WJYQ
519185,WJJX
519186,WJWZ
519188,WJHA
519189,WJHC
519190,WJSL
519191,WJXL
519193,WJCC
519195,WJPZ
519196,WJLC
519197,WJYD
519198,WJYH
519199,WJJX
519206,WJRA
519207,WJRC
519208,WJXA
519209,WJXC
519210,WJJA
519211,WJJC
519230,HFFY
519300,DC300A
519320,JLA
519321,JLC
519326,JYA
519327,JYC
519505,HFHA
519506,HFHB
519507,WJHB
519508,WJHA
519509,PYHA
519510,PYHB
519511,WJXA
519512,WJXB
519518,TFHB
519519,YBZL
519566,RRYA
519567,RRYB
519598,LXB
519599,LXA
519606,GTJX
519610,YHWA
519611,YHWC
519613,YHSA
519614,YHSC
519616,YHXA
519617,YHXC
519619,YHRA
519620,YHRC
519622,YHJY
519623,YHYA
519624,YHYC
519625,YHSA
519626,YHSC
519627,JRA
519628,JRC
519629,YHRA
519630,YHRC
519631,YHJX
519633,JTA
519634,JTC
519640,YHHA
519641,YHHC
519642,YHZZ
519644,YHZL
519649,YHA
519650,YHC
519651,YHZX
519652,YHXA
519653,YHXC
519654,YHFL
519655,YHFW
519656,YHLA
519657,YHLC
519660,YHZA
519661,YHZC
519662,YHHA
519663,YHHC
519664,MLA
519665,MLC
519666,YHYX
519668,YHCC
519669,YHLX
519670,YHHY
519671,300JZ
519672,YHLC
519673,YHKL
519674,YHCX
519675,YHRA
519676,YHBB
519677,DTB
519678,YHXF
519679,YHZT
519680,JYZL
519683,JYSL
519688,JYJX
519690,JYWJ
519692,JYCC
519698,JYXF
519700,JYZT
519702,JYQS
519704,JYZZ
519706,JYJZ
519712,JYHX
519714,JYXF
519718,JYCZ
519723,JYSL
519727,JY30
519733,JYQZ
519735,JYQHHBZQC
519800,BZJA
519801,BZJB
519808,JSBA
519809,JSBB
519858,GFBA
519859,GFBB
519878,GBA
519879,GBB
519888,TFKX
519889,TFKB
519898,XJBA
519899,XJBB
519908,JJXH
519909,ASPZ
519915,FGXF
519918,JJXH
519929,XXLH
519933,CXLF
519935,CXCX
519937,CXXR
519940,FQC
519941,FQA
519942,FTC
519943,FTA
519944,FAC
519945,FAA
519947,CXLB
519949,CXLX
519951,CXLT
519956,RJC
519957,RJA
519959,CXDL
519961,LGA
519963,LYA
519965,C
519967,CXLF
519969,CXXL
519971,CXGGHL
519972,CXCZC
519973,CXCZA
519975,CXLHZX
519976,CXZZC
519977,CXZZA
519979,CXNX
519983,CXLHA
519985,C
519987,CXHL
519989,CXLFC
519991,CXSL
519993,CXZL
519995,CXJL
519997,CXYL
600000,PFYH
600004,BYJC
600006,DFQC
600007,ZGGM
600008,SCGF
600009,SHJC
600010,BGGF
600011,HNGJ
600012,WTGS
600015,HXYH
600016,MSYH
600017,RZG
600018,SGJT
600019,BGGF
600020,ZYGS
600021,SHDL
600022,SDGT
600023,ZNDL
600025,HNSD
600026,ZYHN
600027,HDGJ
600028,ZGSH
600029,NFHK
600030,ZXZQ
600031,SYZG
600033,FJGS
600035,CTGS
600036,ZSYH
600037,GHYX
600038,ZZGF
600039,SCLQ
600048,BLDC
600050,ZGLT
600051,NBLH
600052,ZJGS
600053,JDTZ
600054,HSLY
600055,WDYL
600056,ZGYY
600057,XMXY
600058,WKFZ
600059,GYLS
600060,HXDQ
600061,GTZB
600062,HRSH
600063,WWGX
600064,NJGK
600066,YTKC
600067,GCDT
600068,GZB
600069,YGTZ
600070,ZJFR
600071,FHGX
600072,ZCKJ
600073,SHML
600074,STBQ
600075,XJTY
600076,KXXC
600077,SDGF
600078,CXGF
600079,RFYY
600080,JHGF
600081,DFKJ
600082,HTFZ
600083,BXGF
600084,ZPGF
600085,TRT
600086,DFJY
600088,ZSCM
600089,TBDG
600090,TJT
600091,STMK
600093,YJGF
600094,DMC
600095,HGK
600096,YTH
600097,KCGJ
600098,GZFZ
600099,LHGF
600100,TFGF
600101,MXDL
600103,QSZY
600104,SQJT
600105,YDGF
600106,CQLQ
600107,MEY
600108,YSJT
600109,GJZQ
600110,NDGF
600111,BFXT
600112,TCKG
600113,ZJDR
600114,DMGF
600115,DFHK
600116,SXSL
600117,XNTG
600118,ZGWX
600119,CJTZ
600120,ZJDF
600121,ZZMD
600122,HTGK
600123,LHKC
600125,TLWL
600126,HGGF
600127,JJMY
600128,HYGF
600129,TJJT
600130,BDGF
600131,MJSD
600132,CQPJ
600133,DHGX
600135,LKJP
600136,DDMC
600137,LSGF
600138,ZQL
600139,XBZY
600141,XFJT
600143,JFKJ
600145,STXY
600146,SYHQ
600148,CCYD
600149,STFZ
600150,STCB
600151,HTJD
600152,WKJS
600153,JFGF
600155,HCYA
600156,HSGF
600157,YTNY
600158,ZTCY
600159,DLDC
600160,JHGF
600161,TTSW
600162,XJKG
600163,ZMNY
600165,XRHL
600166,FTQC
600167,LMKG
600168,WHKG
600169,TYZG
600170,SHJG
600171,SHBL
600172,HHXF
600173,WLDC
600175,MDNY
600176,ZGJS
600177,YGE
600178,DADL
600179,ATKG
600180,RMT
600182,SJT
600183,SYKJ
600184,GDGF
600185,GLDC
600186,LHJK
600187,GZSW
600188,YZMY
600189,JLSG
600190,JZG
600191,HZSY
600192,CCDG
600193,STCX
600195,ZMGF
600196,FXYY
600197,YLT
600198,STDT
600199,JZZJ
600200,JSWZ
600201,SWGF
600202,STHK
600203,FRDZ
600206,YYXC
600207,ACGK
600208,XHZB
600209,STLD
600210,ZJQY
600211,XZYY
600212,JQSY
600213,YXKC
600215,CCJK
600216,ZJYY
600217,ZZZH
600218,QCDL
600219,NSLY
600220,JSYG
600221,HHKG
600222,TLYY
600223,LSZY
600225,TJSJ
600226,HYGF
600227,SJT
600228,STCJ
600229,CSCM
600230,CZDH
600231,LGGF
600232,JYGF
600233,YTSD
600234,STSS
600235,MFTZ
600236,GGDL
600237,TFDZ
600238,STYD
600239,YNCT
600240,HYZB
600241,SDWH
600242,ZCSJ
600243,QHHD
600246,WTDC
600247,STCC
600248,YCHJ
600249,LMZ
600250,NFGF
600251,GNGF
600252,ZHJT
600255,MZGF
600256,GHNY
600257,DHGF
600258,SLJD
600259,GSYS
600260,KLKJ
600261,YGZM
600262,BFGF
600265,STJG
600266,BJCJ
600267,HZYY
600268,GDNZ
600269,GYGS
600270,WYFZ
600271,HTXX
600272,KKSY
600273,JHNY
600275,STCY
600276,HRYY
600277,YLJN
600278,DFCY
600279,CQGJ
600280,ZYSC
600281,THGF
600282,NGGF
600283,QJSL
600284,PDJS
600285,LRZY
600287,JSST
600288,DHKJ
600289,STXT
600290,HYDQ
600291,XSGF
600292,YDHB
600293,SXXC
600295,EEDS
600297,GHQC
600298,AQJM
600299,ADS
600300,WWGF
600301,STNH
600302,BZGF
600303,SGGF
600305,HSCY
600306,SYC
600307,JGHX
600308,HTGF
600309,WHHX
600310,GDDL
600311,RHSY
600312,PGDQ
600313,NFZY
600315,SHJH
600316,HDHK
600317,YKG
600318,XLJR
600319,YXHX
600320,ZHZG
600321,STZY
600322,TFFZ
600323,HLHJ
600325,HFGF
600326,XZTL
600327,DDF
600328,LTSY
600329,ZXYY
600330,TTGF
600331,HDGF
600332,BYS
600333,CCRQ
600335,GJQC
600336,AKM
600337,MKJJ
600338,XZZF
600339,ZYGC
600340,HXXF
600343,HTDL
600345,CJTX
600346,HLGF
600348,YQMY
600350,SDGS
600351,YBYY
600352,ZJLS
600353,XGGF
600354,DHZY
600355,JLDZ
600356,HFZY
600358,GLLH
600359,XNKF
600360,HWDZ
600361,HLZC
600362,JXTY
600363,LCGD
600365,TPGF
600366,NBYS
600367,HXFZ
600368,WZJT
600369,XNZQ
600370,SFX
600371,WXDN
600372,ZHDZ
600373,ZWCM
600375,HLXM
600376,SKGF
600377,NHGS
600378,TKGF
600379,BGGF
600380,JKY
600381,QHCT
600382,GDMZ
600383,JDJT
600385,SDJT
600386,BBCM
600387,HYNY
600388,LJHB
600389,JSGF
600390,WKZB
600391,HFKJ
600392,SHZY
600393,YTGF
600395,PJGF
600396,JSGF
600397,STAM
600398,HLZJ
600399,STFG
600400,HDGF
600401,STHR
600403,DYNY
600405,DLY
600406,GDNR
600408,STAT
600409,SYHG
600410,HSTC
600415,XSPC
600416,XDGF
600418,JHQC
600419,TRRY
600420,XDZY
600421,STYF
600422,KYJT
600423,STLH
600425,QSJH
600426,HLHS
600428,ZYHT
600429,SYGF
600433,GHGX
600435,BFDH
600436,PZH
600438,TWGF
600439,RBK
600444,GJTY
600446,JZGF
600448,HFGF
600449,NXJC
600452,FLDL
600455,BTGF
600456,BTGF
600458,SDXC
600459,GYBY
600460,SLW
600461,HCSY
600462,JYGF
600463,KGGF
600466,LGFZ
600467,HDJ
600468,BLDQ
600469,FSGF
600470,LGHG
600475,HGGF
600476,XYKJ
600477,HXGG
600478,KLY
600479,QJYY
600480,LYGF
600481,SLJN
600482,ZGDL
600483,FNGF
600485,XWJT
600486,YNHG
600487,HTGD
600488,TYGF
600489,ZJHJ
600490,PXZY
600491,LYJS
600493,FZFZ
600495,JXCZ
600496,JGGG
600497,CHXZ
600498,FHTX
600499,KDJN
600500,ZHGJ
600501,HTCG
600502,AHSL
600503,HLJZ
600505,XCDL
600506,XLGF
600507,FDTG
600508,SHNY
600509,TFNY
600510,HMD
600511,GYGF
600512,TDJS
600513,LHYY
600515,HHJC
600516,FDTS
600517,ZXDQ
600518,KMYY
600519,GZMT
600520,WYKJ
600521,HHYY
600522,ZTKJ
600523,GHGF
600525,CYJT
600526,FDHB
600527,JNGX
600528,ZTGY
600529,SDYB
600530,JDAL
600531,YGJQ
600532,HDKY
600533,QXJS
600535,TSL
600536,ZGRJ
600537,YJGD
600538,GFGF
600539,STST
600540,XSGF
600543,MGGF
600545,ZLZN
600546,SMGJ
600547,SDHJ
600548,SGS
600549,XMWY
600550,BBDQ
600551,SDCB
600552,KSKJ
600555,HHCX
600556,STHQ
600557,KYYY
600558,DXY
600559,LBGJ
600560,JZTZ
600561,JXCY
600562,GRKJ
600563,FLDZ
600565,DMGF
600566,JCYY
600567,SYZY
600568,ZZYL
600569,AYGT
600570,HSDZ
600571,XYD
600572,KEB
600573,HQPJ
600575,WJWL
600576,XYWH
600577,JDGF
600578,JNDL
600579,THY
600580,WLDQ
600581,BYGT
600582,TDKJ
600583,HYGC
600584,CDKJ
600585,HLSN
600586,JJKJ
600587,XHYL
600588,YYWL
600589,GDRT
600590,THKJ
600592,LXGF
600593,DLSY
600594,YBZY
600595,ZFSY
600596,XAGF
600597,GMRY
600598,BDH
600599,XMJK
600600,QDPJ
600601,FZKJ
600602,YSZL
600603,GHWL
600604,SBGX
600605,HTNY
600606,LDKG
600608,STHK
600609,JBQC
600610,STYD
600611,DZJT
600612,LFX
600613,SQZY
600614,PQKJ
600615,FHGF
600616,JFJY
600617,GXNY
600618,LJHG
600619,HLGF
600620,TCGF
600621,HXGF
600622,GDJB
600623,HYJT
600624,FDFH
600626,SDGF
600628,XSJ
600629,HJJT
600630,LTGF
600633,ZSWH
600634,STFK
600635,DZGY
600636,SAF
600637,DFMZ
600638,XHP
600639,PDJQ
600640,HBKG
600641,WYQY
600642,SNGF
600643,AJJT
600644,LSDL
600645,ZYXH
600647,TDCY
600648,WGQ
600649,CTKG
600650,JJTZ
600651,FLYX
600652,YJYX
600653,SHKG
600654,STZA
600655,YYGF
600657,XDDC
600658,DZC
600660,FYBL
600661,XNY
600662,QSKG
600663,LJZ
600664,HYGF
600665,TDY
600666,ARD
600667,TJSY
600668,JFJT
600671,TMYY
600673,DYGK
600674,CTNY
600675,ZHQY
600676,JYGF
600677,HTTX
600678,SCJD
600679,SHFH
600680,STSP
600681,BCNY
600682,NJXB
600683,JTFZ
600684,ZJSY
600685,ZCFW
600686,JLQC
600687,GTKG
600688,SHSH
600689,SHSM
600690,QDHE
600691,YMHG
600692,YTGF
600693,DBJT
600694,DSGF
600695,LTTZ
600696,STYS
600697,OYJT
600698,HNTY
600699,JSDZ
600701,STGX
600702,SDJY
600703,SAGD
600704,WCZD
600705,ZHZB
600706,QJWL
600707,CHGF
600708,GMDC
600710,SMD
600711,STKY
600712,NNBH
600713,NJYY
600714,JRKY
600715,WTKG
600716,FHGF
600717,TJG
600718,DRJT
600719,DLRD
600720,QLS
600721,BHC
600722,JNHG
600723,SSGF
600724,NBFD
600725,STYW
600726,HDNY
600727,LBHG
600728,JDKJ
600729,CQBH
600730,ZGGK
600731,HNHL
600732,STXM
600733,SSTQF
600734,SDJT
600735,XHJ
600736,SZGX
600737,ZLTY
600738,LZMB
600739,LNCD
600740,SXJH
600741,HYQC
600742,YQFW
600743,HYDC
600744,HYDL
600745,WTKJ
600746,JSSP
600747,STDK
600748,SSFZ
600749,STZL
600750,JZYY
600751,HHKJ
600753,DFYX
600754,JJGF
600755,XMGM
600756,LCRJ
600757,CJCM
600758,HYNY
600759,ZJYQ
600760,ZHSF
600761,AHHL
600763,TCYL
600764,ZGHF
600765,ZHZJ
600766,YCHJ
600767,STYS
600768,NBFB
600769,XLDY
600770,ZYGF
600771,GYY
600773,XZCT
600774,HSJT
600775,NJXM
600776,DFTX
600777,XCNY
600778,STYH
600779,SJF
600780,TBNY
600781,FRYY
600782,XGGF
600783,LXCT
600784,LYTZ
600785,XHBH
600787,ZCGF
600789,LKYY
600790,QFC
600791,JNZY
600792,YMNY
600793,YBZY
600794,BSKJ
600795,GDDL
600796,QJSH
600797,ZDWX
600798,NBHY
600800,TJCK
600801,HXSN
600802,FJSN
600803,XAGF
600804,PBS
600805,YDTZ
600807,STTY
600808,MGGF
600809,SXFJ
600810,SMGF
600811,DFJT
600812,HBZY
600814,HZJB
600815,XGGF
600816,AXXT
600817,STHS
600818,ZLGF
600819,YPBL
600820,SDGF
600821,JQY
600822,SHWM
600823,SMGF
600824,YMJT
600825,XHCM
600826,LSGF
600827,BLGF
600828,MYSY
600829,RMTT
600830,XYRT
600831,GDWL
600833,DYYY
600834,STDT
600835,SHJD
600836,JLSY
600837,HTZQ
600838,SHJB
600839,SCCH
600841,SCGF
600843,SGSB
600844,DHKJ
600845,BXRJ
600846,TJKJ
600847,WLGF
600848,SHLG
600850,HDDN
600851,HXGF
600853,LJGF
600854,CLGF
600855,HTCF
600856,ZTNY
600857,NBZB
600858,YZGF
600859,WFJ
600860,JCGF
600861,BJCX
600862,ZHGK
600863,NMHD
600864,HTGF
600865,BDJT
600866,XHKJ
600867,THDB
600868,MYJX
600869,ZHNY
600870,STXH
600871,STYF
600872,ZJGX
600873,MHSW
600874,CYHB
600875,DFDQ
600876,LYBL
600877,STJL
600879,HTDZ
600880,BRCB
600881,YTJT
600882,GZGF
600883,BWKJ
600884,SSGF
600885,HFGF
600886,GTDL
600887,YLGF
600888,XJZH
600889,NJHX
600890,ZFGF
600891,QLJT
600892,DSWH
600893,HFDL
600894,GRGF
600895,ZJGK
600896,STHT
600897,XMKG
600898,GMTX
600900,CJDL
600901,JSZL
600903,GZRQ
600908,WXYH
600909,HAZQ
600917,CQRQ
600919,JSYH
600926,HZYH
600929,HNYY
600933,AKD
600936,GXGD
600939,CQJG
600958,DFZQ
600959,JSYX
600960,BHQC
600961,ZYJT
600962,GTZL
600963,YYLZ
600965,FCGF
600966,BHZY
600967,NMYJ
600969,CDGJ
600970,ZCGJ
600971,HYMD
600973,BSGF
600975,XWF
600976,JMJT
600977,ZGDY
600978,YHSH
600979,GAAZ
600980,BKKJ
600981,HHJT
600982,NBRD
600983,HEP
600984,JSJX
600985,LMKH
600986,KDGF
600987,HMGF
600988,CFHJ
600990,SCDZ
600992,GSGF
600993,MYL
600995,WSDL
600996,GGWL
600997,KLGF
600998,JZT
600999,ZSZQ
601000,TSG
601001,DTMY
601002,JYSY
601003,LGGF
601005,CQGT
601006,DQTL
601007,JLFD
601008,LYG
601009,NJYH
601010,WFGF
601011,BTL
601012,LJGF
601015,SXHM
601016,JNFD
601018,NBG
601019,SDCB
601020,HYKY
601021,CQHK
601028,YLGF
601038,YTGF
601058,SLJY
601066,ZXJT
601069,XBHJ
601086,GFJT
601088,ZGSH
601098,ZNCM
601099,TPY
601100,HLYY
601101,HHNY
601106,ZGYZ
601107,SCCY
601108,CTZQ
601111,ZGGH
601113,HDGF
601116,SJGW
601117,ZGHX
601118,HNXJ
601126,SFGF
601127,XKGF
601128,CSYH
601137,BWHJ
601138,GYFL
601139,SZRQ
601155,XCKG
601158,CQSW
601163,SJLT
601166,XYYH
601168,XBKY
601169,BJYH
601177,HCQJ
601179,ZGXD
601186,ZGTJ
601188,LJJT
601198,DXZQ
601199,JNSW
601200,SHHJ
601208,DCKJ
601211,GTJA
601212,BYYS
601216,JZJT
601218,JXKJ
601222,LYNY
601225,SXMY
601226,HDZG
601228,GZG
601229,SHYH
601231,HXDZ
601233,TKGF
601238,GQJT
601258,PDJT
601288,NYYH
601311,LTGF
601318,ZGPA
601326,QGGF
601328,JTYH
601330,LSDL
601333,GSTL
601336,XHBX
601339,BLDF
601360,SLL
601366,LQGF
601368,LCSW
601369,SGDL
601375,ZYZQ
601377,XYZQ
601388,YQZY
601390,ZGZT
601398,GSYH
601500,TYGF
601515,DFGF
601518,JLGS
601519,DZH
601555,DWZQ
601558,STRD
601566,JMW
601567,SXYL
601579,KJS
601588,BCSY
601595,SHDY
601599,LGWH
601600,ZGLY
601601,ZGTB
601606,CCJG
601607,SHYY
601608,ZXZG
601611,ZGHJ
601616,GDDQ
601618,ZGZY
601619,JZXN
601628,ZGRS
601633,CCQC
601636,QBJT
601666,PMGF
601668,ZGJZ
601669,ZGDJ
601677,MTLY
601678,BHGF
601688,HTZQ
601689,TPJT
601699,LAHN
601700,FFGF
601717,ZMJ
601718,JHJT
601727,SHDQ
601766,ZGZC
601777,LFGF
601788,GDZQ
601789,NBJG
601798,STLK
601799,XYGF
601800,ZGJJ
601801,WXCM
601808,ZHYF
601811,XHWX
601818,GDYH
601828,MKL
601838,CDYH
601857,ZGSY
601858,ZGKC
601866,ZYHF
601869,CFGX
601872,ZSLC
601877,ZTDQ
601878,ZSZQ
601880,DLG
601881,ZGYH
601882,HTJG
601886,JHJT
601888,ZGGL
601890,YXML
601898,ZMNY
601899,ZJKY
601900,NFCM
601901,FZZQ
601908,JYT
601918,XJNY
601919,ZYHK
601928,FHCM
601929,JSCM
601933,YHCS
601939,JSYH
601949,ZGCB
601952,SKNF
601958,JMGF
601965,ZGQY
601966,LLLT
601968,BGBZ
601969,HNKY
601985,ZGHD
601988,ZGYH
601989,ZGZG
601990,NJZQ
601991,DTFD
601992,JYJT
601996,FLJT
601997,GYYH
601998,ZXYH
601999,CBCM
603000,RMW
603001,AKGJ
603002,HCDZ
603003,LYRY
603005,JFKJ
603006,LMGF
603007,HWGF
603008,XLM
603009,BTKJ
603010,WSGF
603011,HDZN
603012,CLJT
603013,YPGF
603015,HXKJ
603016,XHT
603017,ZHSJ
603018,ZSJT
603019,ZKSG
603020,APGF
603021,SDHP
603022,XTL
603023,WDGF
603025,DHKJ
603026,SDSH
603027,QHWY
603028,SFT
603029,TEGF
603030,QZGF
603031,ADL
603032,DXJY
603033,SWGF
603035,CSQS
603036,RTGF
603037,KZGF
603038,HLGF
603039,FWWL
603040,XZB
603041,MSD
603042,HMKJ
603043,GZJJ
603045,FDHJ
603050,KLDQ
603055,THXC
603056,DBGF
603058,YJGF
603059,BJJ
603060,GJJT
603063,HWDQ
603066,YFCC
603067,ZHGF
603069,HQJT
603076,LHGJ
603077,HBSW
603078,JHW
603079,SDSW
603080,XJHJ
603081,DFSY
603083,JQKJ
603085,TCZK
603086,XDGF
603088,NBJD
603089,ZYGY
603090,HSGF
603096,XJD
603098,STGF
603099,CBS
603100,CYGF
603101,HJSD
603103,HDYS
603105,XNKJ
603106,HYJR
603108,RDYL
603110,DFCL
603111,KNJD
603113,JNKJ
603116,HQT
603117,WLGF
603118,GJGF
603123,CWGF
603126,ZCJN
603127,ZYXY
603128,HMWL
603129,CFDL
603131,SHHG
603133,TYKJ
603136,TMH
603138,HLSJ
603139,KHZY
603156,YYYP
603157,LXBE
603158,TLGF
603159,SHYH
603160,HDKJ
603161,KHKG
603165,RSHB
603166,FDGF
603167,BHLD
603168,SPAS
603169,LSZZ
603177,DCHB
603178,SLGF
603179,XQGF
603180,JPCG
603181,HMKJ
603183,JYY
603186,HZXC
603188,YBGF
603189,WDRJ
603196,RBSS
603197,BLKJ
603198,YJGJ
603199,JHLY
603200,SHXB
603203,KKGF
603208,JSOP
603214,AYS
603218,RYGF
603222,JMZY
603223,HTGF
603225,XFM
603226,FLGE
603227,XFKJ
603228,JWDZ
603229,AXYY
603232,GERJ
603233,DSL
603238,NBGF
603239,ZJXT
603258,DHWL
603259,YMKD
603260,HSGY
603266,TLGF
603268,SFGF
603269,HOGF
603277,YDGF
603278,DYGF
603283,STGF
603286,RYDZ
603288,HTWY
603289,TRJQ
603298,HCJT
603299,JSGF
603300,HTKJ
603301,ZDYL
603303,DBZM
603305,XSGF
603306,HMKJ
603308,YLGF
603309,WLYL
603311,JHHJ
603313,MBH
603315,FAGF
603316,CBGF
603318,PSGF
603319,XYB
603320,DBDQ
603321,MLDT
603322,CXTX
603323,WJYH
603326,WLJJ
603328,YDDZ
603329,SHYS
603330,SHTY
603331,BDJG
603333,MXDL
603335,DSL
603336,HHGS
603337,JKGF
603338,ZJDL
603339,SFKJ
603345,AJSP
603348,WCGF
603355,LKDQ
603356,HLJG
603357,SJZY
603358,HDKJ
603359,DZST
603360,BAHX
603363,ANSW
603365,SXJF
603366,RCDF
603367,CXYY
603368,LYGF
603369,JSY
603377,DFSS
603378,YSCN
603380,YDL
603383,DDRJ
603385,HDWY
603386,GDJY
603387,JDSW
603388,YCGF
603389,YZJJ
603393,XTRQ
603396,JCGF
603398,BBYZ
603399,JXGF
603416,XJDQ
603421,DXTX
603429,JYGF
603444,JBT
603456,JZYY
603458,KSGF
603466,FYZ
603477,ZJGF
603486,KWS
603488,ZPKJ
603496,HWKJ
603499,XGKJ
603500,XHSY
603501,WEGF
603505,JSZY
603506,NDWY
603507,ZJGF
603508,SWLK
603515,OPZM
603516,CZKJ
603517,JWSP
603518,WGNS
603519,LBGF
603520,STL
603527,ZYXC
603528,DLKJ
603533,ZYKJ
603535,JCGJ
603536,HFGF
603538,MNH
603555,GRN
603556,HXDL
603557,QBGF
603558,JSJT
603559,ZTGM
603566,PLK
603567,ZBD
603568,WMHB
603569,CJWL
603577,HJT
603578,SXXC
603579,RTJK
603580,AAJG
603585,SLGF
603586,JQL
603587,DSSS
603588,GNHJ
603589,KZJ
603595,DNDZ
603596,BTL
603598,YLCM
603599,GXGF
603600,YYGF
603601,ZSKJ
603602,ZHTX
603603,BTHJ
603605,PLY
603606,DFDL
603607,JHJG
603608,TCSS
603609,HFMY
603611,NLGF
603612,STFZ
603615,CHGF
603616,HJHS
603617,JHGF
603618,HDGF
603619,ZMSY
603626,KSKJ
603628,QYGF
603630,LFJH
603633,LMGF
603636,NWRJ
603637,ZHGF
603638,ADJM
603639,HLE
603648,CLGF
603650,TCXC
603655,LBKJ
603656,THGD
603657,CGKJ
603658,ATSW
603659,PTL
603660,SZKD
603661,HLGF
603663,SXXC
603665,KLD
603666,YJH
603667,WZXC
603668,TMKJ
603669,LKYY
603676,WXK
603677,QJJX
603678,HJDZ
603679,HTKJ
603680,JCJT
603683,JHXC
603685,CFKJ
603686,LMHW
603688,SYGF
603689,WTRQ
603690,ZCKJ
603693,JSXN
603696,AJSP
603698,HTGC
603699,NWGF
603701,DHGF
603703,SYKJ
603706,DFHY
603707,JYGF
603708,JJY
603709,ZYJJ
603711,XPP
603712,QYE
603713,MEKW
603716,SLS
603717,TYST
603718,HLSW
603721,ZGTZ
603722,AKL
603725,TAXC
603726,LDJT
603727,BMK
603728,MZDQ
603729,LYGF
603730,DMGF
603733,XHGF
603737,SKS
603738,TJKJ
603757,DYBY
603758,QAGF
603766,LXTY
603767,ZMCD
603768,CQGF
603773,WGGD
603776,YAX
603777,LYF
603778,QJYL
603779,WLGF
603787,XRGF
603788,NBGF
603789,XGNJ
603797,LTHB
603798,KPD
603799,HYGY
603800,DSGF
603801,ZBGF
603803,RSKD
603806,FST
603808,GLS
603809,HNGF
603811,CYYY
603813,YSGF
603816,GJJJ
603817,HXHB
603818,QMJJ
603819,SLGF
603822,JAHB
603823,BHH
603825,HYLZ
603826,KCKJ
603828,KLD
603829,LKGF
603833,OPJJ
603838,STGF
603839,AZSS
603843,ZPGF
603848,HTT
603855,HRGF
603856,DHGF
603858,BCZY
603859,NKGF
603860,ZGGK
603861,BYDQ
603866,TLMB
603868,FKDQ
603869,XZRZ
603871,JYGJ
603876,DSXC
603877,TPN
603878,WJBX
603879,YYKJ
603880,NWGF
603881,SJG
603882,JYYX
603883,LBX
603885,JXHK
603886,YZGF
603887,CDGF
603888,XHW
603889,XAGF
603890,CQDZ
603895,TYZN
603896,SXG
603897,CCKJ
603898,HLK
603899,CGWJ
603900,LSTL
603901,YCZN
603903,ZCGF
603906,LPKJ
603908,MGD
603909,HCGF
603912,JLT
603916,SBT
603917,HLKJ
603918,JQXX
603919,JHJ
603920,SYDL
603922,JHS
603926,TLGF
603928,XYGF
603929,YXJC
603933,RNKJ
603936,BMDZ
603937,LDXC
603938,SFGF
603939,YFYF
603955,DQST
603958,HSGF
603959,BLKJ
603960,KLJD
603963,DLYY
603966,FLTK
603968,CHGF
603969,YLGF
603970,ZNLH
603976,ZCGF
603977,GTJT
603978,SZXX
603979,JCX
603980,JHJT
603985,HRGF
603986,ZYCX
603987,KDL
603988,ZDDJ
603989,AHJT
603990,MDKJ
603991,ZZGF
603993,LYMY
603996,ZXKJ
603997,JFGF
603998,FSZY
603999,DZCM
000001,PAYH
000002,WKA
000004,GNKJ
000005,SJXY
000006,SZYA
000007,QXH
000008,SZGT
000009,ZGBA
000010,MLST
000011,SWYA
000012,NBA
000014,SHGF
000016,SKJA
000017,SZHA
000018,SZCC
000019,SSBA
000020,SHFA
000021,SKJ
000022,SCWA
000023,STDA
000025,TLA
000026,FYDA
000027,SZNY
000028,GYYZ
000029,SSFA
000030,FAGF
000031,ZLDC
000032,SSDA
000034,SZSM
000035,ZGTY
000036,HLKG
000037,SNDA
000038,SDT
000039,ZJJT
000040,DXLT
000042,ZZKG
000043,ZHSD
000045,SFZA
000046,FHKG
000048,STKD
000049,DSDC
000050,STMA
000055,FDJT
000056,HTGJ
000058,SSG
000059,HJGF
000060,ZJLN
000061,NCP
000062,SZHQ
000063,ZXTX
000065,BFGJ
000066,ZGCC
000068,HKSG
000069,HQCA
000070,TFXX
000078,HWSW
000088,YTG
000089,SZJC
000090,TJJT
000096,GJNY
000099,ZXHZ
000100,TCLJT
000150,YHJK
000151,ZCGF
000153,FYYY
000155,CHGF
000156,HSCM
000157,ZLZK
000158,CSBM
000159,GJSY
000166,SWHY
000301,DFSC
000333,MDJT
000338,WCDL
000400,XJDQ
000401,JDSN
000402,JRJ
000403,STSH
000404,CHHY
000407,SLGF
000408,ZGKG
000409,STDK
000410,SYJC
000411,YTJT
000413,DXGD
000415,BHJK
000416,MSKG
000417,HFBH
000418,XTEA
000419,TCKG
000420,JLHX
000421,NJGY
000422,STYH
000423,DEEJ
000425,XGJX
000426,XYKY
000428,HTJD
000429,YGSA
000430,ZJJ
000488,CMZY
000498,SDLQ
000501,EWSA
000502,LJKG
000503,GXJK
000504,NHSW
000505,JLKG
000506,ZRZY
000507,ZHG
000509,HSKG
000510,JLJT
000513,LZJT
000514,YKF
000516,GJYX
000517,RADC
000518,SHSW
000519,ZBHJ
000520,CHFH
000521,CHML
000523,GZLQ
000524,LNKG
000525,HTY
000526,ZGXD
000528,LG
000529,GHKG
000530,DLGF
000531,SHYA
000532,HJZB
000533,WJL
000534,WZGF
000536,HYKJ
000537,GYFZ
000538,YNBY
000539,YDLA
000540,ZTJR
000541,FSZM
000543,WNDL
000544,ZYHB
000545,JPTY
000546,JYGF
000547,HTFZ
000548,HNTZ
000550,JLQC
000551,CYKJ
000552,JYMD
000553,SLDA
000554,TSSY
000555,SZXX
000557,XBCY
000558,LYTY
000559,WXQC
000560,WAWJ
000561,FHDZ
000563,SGTA
000564,GXDJ
000565,YSXA
000566,HNHY
000567,HDGF
000568,LZLJ
000570,SCCA
000571,XDZA
000572,HMQC
000573,YHYA
000576,GDGH
000581,WFGK
000582,BBWG
000584,HGZN
000585,STDD
000586,HYTX
000587,JZCH
000589,QLTA
000590,QDGH
000591,TYN
000592,PTFZ
000593,DTRQ
000595,BTSY
000596,GJGJ
000597,DBZY
000598,XRHJ
000599,QDSX
000600,JTNY
000601,SNGF
000603,SDKY
000605,BHGF
000606,SLB
000607,HMKG
000608,YGGF
000609,ZDTZ
000610,XALY
000611,TSFZ
000612,JZWF
000613,DDHA
000615,JHGF
000616,HHTZ
000617,ZYZB
000619,HLXC
000620,XHL
000622,HLSY
000623,JLAD
000625,CAQC
000626,YDKG
000627,TMJT
000628,GXFZ
000630,TLYS
000631,SFHY
000632,SMJT
000633,HJTZ
000635,YLT
000636,FHGK
000637,MHSH
000638,WFFZ
000639,XWSP
000650,RHYY
000651,GLDQ
000652,TDGF
000655,STJL
000656,JKGF
000657,ZWGX
000659,ZHZF
000661,CCGX
000662,TXZH
000663,YALY
000665,HBGD
000666,JWFJ
000667,MHZY
000668,RFKG
000669,JHKG
000670,YFW
000671,YGC
000672,SFSN
000673,DDDF
000676,ZDGF
000677,HTHL
000678,XYZC
000679,DLYY
000680,STGF
000681,SJZG
000682,DFDZ
000683,YXNY
000685,ZSGY
000686,DBZQ
000687,HXFZ
000688,GCKY
000690,BXNY
000691,YTSY
000692,HTRD
000695,BHNY
000697,LSYS
000698,SYHG
000700,MSKJ
000701,XMXD
000702,ZHKJ
000703,HYSH
000705,ZJZY
000707,STSH
000708,DYTG
000709,HGGF
000710,BRJY
000711,JLKJ
000712,JLGF
000713,FLZY
000715,ZXSY
000716,HZM
000717,SGSS
000718,SNHQ
000719,ZYCM
000720,STXN
000721,XAYS
000722,HNFZ
000723,MJNY
000725,JDFA
000726,LTA
000727,HDKJ
000728,GYZQ
000729,YJPJ
000731,SCMF
000732,THJT
000733,ZHKJ
000735,LNS
000736,ZJDC
000737,STNF
000738,HFKZ
000739,PLYY
000750,GHZQ
000751,XYGF
000752,XZFZ
000753,ZZFZ
000755,STSW
000756,XHZY
000757,HWGF
000758,ZSGF
000759,ZBJT
000760,STE
000761,BGBC
000762,XZKY
000766,THJM
000767,ZZDL
000768,ZHFJ
000776,GFZQ
000777,ZHKJ
000778,XXZG
000779,SMPS
000780,PZNY
000782,MDGF
000783,CJZQ
000785,WHZS
000786,BXJC
000788,BDYY
000789,WNQ
000790,THJK
000791,GSDT
000792,YHGF
000793,HWCM
000795,YLH
000796,KSLY
000797,ZGWY
000798,ZSYY
000799,JGJ
000800,YQJC
000801,SCJZ
000802,BJWH
000803,STJY
000806,YHSW
000807,YLGF
000809,TLXC
000810,CWSZ
000811,BLHJ
000812,SXJY
000813,DZJK
000815,MLY
000816,STHY
000818,HJKJ
000819,YYXC
000820,SWJN
000821,JSQJ
000822,SDHH
000823,CSDZ
000825,TGBX
000826,QDSD
000828,DGKG
000829,TYKG
000830,LXHG
000831,WKXT
000833,YGGF
000835,CCDM
000836,XMKJ
000837,QCJC
000838,CXFZ
000839,ZXGA
000848,CDLL
000850,HMGF
000851,GHGF
000852,SHJX
000856,JDZB
000858,WLY
000859,GFSY
000860,SXNY
000861,HYGF
000862,YXNY
000863,SXYX
000868,AKKC
000869,ZYA
000875,JDGF
000876,XXW
000877,TSGF
000878,YNTY
000880,WCZJ
000881,ZGHJ
000882,HLGF
000883,HBNY
000885,TLSN
000886,HNGS
000887,ZDGF
000888,EMSA
000889,MYTX
000890,FES
000892,HRSJ
000893,STDL
000895,SHFZ
000897,JBFZ
000898,AGGF
000899,GNGF
000900,XDTZ
000901,HTKJ
000902,XYF
000903,YNDL
000905,XMGW
000906,ZSZT
000908,JFYY
000909,SYKJ
000910,DYSX
000911,NNTY
000912,STTH
000913,QJMT
000915,SDHT
000917,DGCM
000918,JKC
000919,JLYY
000920,NFHT
000921,HXKL
000922,STJD
000923,HBXG
000925,ZHKJ
000926,FXGF
000927,YQXL
000928,ZGGJ
000929,LZHH
000930,ZLSH
000931,ZGC
000932,HLGT
000933,SHGF
000935,SCSM
000936,HXGF
000937,JZNY
000938,ZGGF
000939,STKD
000948,NTXX
000949,XXHX
000951,ZGZQ
000952,GJYY
000953,STHH
000955,XLKG
000957,ZTKC
000958,DFNY
000959,SGGF
000960,XYGF
000961,ZNJS
000962,DFTY
000963,HDYY
000965,TBJJ
000966,CYDL
000967,YFHJ
000968,LYKG
000969,ATKJ
000970,ZKSH
000971,GSKG
000972,STZJ
000973,FSKJ
000975,YTZY
000976,HTGF
000977,LCXX
000978,GLLY
000979,ZHGF
000980,ZTQC
000981,YYGF
000982,STZR
000983,XSMD
000985,DQHK
000987,YXJK
000988,HGKJ
000989,JZT
000990,CZGF
000993,MDDL
000995,STHT
000996,ZGZQ
000997,XDL
000998,LPGK
000999,HRSJ
001696,ZSDL
001896,YNKG
001965,ZSGL
001979,ZSSK
002001,XHC
002002,HDXY
002003,WXGF
002004,HBJK
002005,DHRD
002006,JGKJ
002007,HLSW
002008,DZJG
002009,TQGF
002010,CHZL
002011,DAHJ
002012,KEGF
002013,ZHJD
002014,YXGF
002015,XKHB
002016,SRZY
002017,DXHP
002018,STHX
002019,YFYY
002020,JXYY
002021,ZJZY
002022,KHSW
002023,HTGX
002024,SNYG
002025,HTDQ
002026,SDWD
002027,FZCM
002028,SYDQ
002029,QPL
002030,DAJY
002031,JLZN
002032,SBE
002033,LJLY
002034,WNHJ
002035,HDGF
002036,LCDZ
002037,JLFZ
002038,SLYY
002039,QYDL
002040,NJG
002041,DHZY
002042,HFSS
002043,TBB
002044,MNJK
002045,GGDQ
002046,ZYKJ
002047,BYGF
002048,NBHX
002049,ZGGW
002050,SHZK
002051,ZGGJ
002052,TZDZ
002053,YNNT
002054,DMHG
002055,DRDZ
002056,HDDC
002057,ZGTY
002058,WET
002059,YNLY
002060,YSD
002061,ZJJK
002062,HRJS
002063,YGRJ
002064,HFAL
002065,DHRJ
002066,RTKJ
002067,JXZY
002068,HMGF
002069,ZZD
002071,CCYS
002072,KRD
002073,RKGF
002074,GXGK
002075,SGGF
002076,XLT
002077,DGGF
002078,TYZY
002079,SZGD
002080,ZCKJ
002081,JTL
002082,WBD
002083,FRGF
002084,HOZG
002085,WFAW
002086,DFHY
002087,XYFZ
002088,LYJN
002089,XHY
002090,JZKJ
002091,JSGT
002092,ZTHX
002093,GMKJ
002094,QDJW
002095,SYB
002096,NLMB
002097,SHZN
002098,XXGF
002099,HXYY
002100,TKSW
002101,GDHT
002102,GFGF
002103,GBGF
002104,HBGF
002105,XLJK
002106,LBGK
002107,WHYY
002108,CZMZ
002109,XHGF
002110,SGMG
002111,WHGT
002112,SBKJ
002113,TRSY
002114,LPXD
002115,SWTX
002116,ZGHC
002117,DGGF
002118,ZXYY
002119,KQDZ
002120,YDGF
002121,KLDZ
002122,STTM
002123,MWJT
002124,TBGF
002125,XTDH
002126,YLGF
002127,NJDS
002128,LTMY
002129,ZHGF
002130,WEHC
002131,LOGF
002132,HXKJ
002133,GYJT
002134,TJPL
002135,DNWJ
002136,AND
002137,MDSZ
002138,SLDZ
002139,TBGF
002140,DHKJ
002141,XFKG
002142,NBYH
002143,YJCM
002144,HDGK
002145,ZHTB
002146,RSFZ
002147,XGYC
002148,BWKJ
002149,XBCL
002150,TRZB
002151,BDXT
002152,GDYT
002153,SJXX
002154,BXN
002155,HNHJ
002156,TFWD
002157,ZBKJ
002158,HZJJ
002159,STSD
002160,CLGF
002161,YWG
002162,YXJK
002163,ZHSX
002164,NBDL
002165,HBL
002166,LYSW
002167,DFGY
002168,SZHC
002169,ZGDQ
002170,BTGF
002171,CJXC
002172,AYKJ
002173,CXYL
002174,YZWL
002175,DFWL
002176,JTDJ
002177,YYGF
002178,YHZN
002179,ZHGD
002180,NSD
002181,YCM
002182,YHJS
002183,YYT
002184,HDKZ
002185,HTKJ
002186,QJD
002187,GBGF
002188,STBS
002189,LDGD
002190,CFJC
002191,JJGF
002192,RJGF
002193,RYJT
002194,STFG
002195,ESSW
002196,FZDJ
002197,ZTDZ
002198,JYZY
002199,DJDZ
002200,YTST
002201,JDXC
002202,JFKJ
002203,HLGF
002204,DLZG
002205,GTGF
002206,HLD
002207,STZY
002208,HFCJ
002209,DYL
002210,FMGJ
002211,HDXC
002212,NYGF
002213,TEJ
002214,DLKJ
002215,NPX
002216,SQSP
002217,HLT
002218,TRXN
002219,HKYL
002220,TBSP
002221,DHNY
002222,FJKJ
002223,YYYL
002224,SLS
002225,PNGF
002226,JNHG
002227,ATX
002228,HXBZ
002229,HBGF
002230,KDXF
002231,AWTX
002232,QMXX
002233,TPJT
002234,MHGF
002235,ANGF
002236,DHGF
002237,HBGF
002238,TWSX
002239,ATJ
002240,WHGF
002241,GEGF
002242,JYGF
002243,TCLX
002244,BJJT
002245,AYSC
002246,BHGF
002247,DLWH
002248,HDSK
002249,DYDJ
002250,LHKJ
002251,BBG
002252,SHLS
002253,CDZS
002254,THXC
002255,HLZG
002256,ZXGF
002258,LEHX
002259,SDLY
002260,STDA
002261,TWXX
002262,EHYY
002263,STDN
002264,XHD
002265,XYGF
002266,ZFKG
002267,STRQ
002268,WST
002269,MBFS
002270,HMZB
002271,DFYH
002272,CRGF
002273,SJGD
002274,HCHG
002275,GLSJ
002276,WMGF
002277,YAGF
002278,SKGF
002279,JQRJ
002280,LLHD
002281,GXKJ
002282,BSGJ
002283,TRQZ
002284,YTGF
002285,SLH
002286,BLB
002287,QZZY
002288,CHKJ
002289,YSDZ
002290,ZKXC
002291,XQL
002292,AFYL
002293,LLSH
002294,XLT
002295,JYGF
002296,HHKJ
002297,BYXC
002298,ZDXF
002299,SNFZ
002300,TYDL
002301,QXJT
002302,XBJS
002303,MYS
002304,YHGF
002305,NGZY
002306,STYW
002307,BXLQ
002308,WCGF
002309,ZLJT
002310,DFYL
002311,HDJT
002312,STKG
002313,RHZN
002314,NSKG
002315,JDKJ
002316,YLFZ
002317,ZSYY
002318,JLTC
002319,LTGF
002320,HXGF
002321,HYNY
002322,LGHK
002323,STBT
002324,PLT
002325,HTGF
002326,YTKJ
002327,FAN
002328,XPGF
002329,HSJT
002330,DLS
002331,WTKJ
002332,XJZY
002333,LPSJ
002334,YWT
002335,KHHS
002336,RRL
002337,SXKJ
002338,APGD
002339,JCDZ
002340,GLM
002341,XLKJ
002342,JLSJ
002343,CWCM
002344,HNPC
002345,CHJ
002346,ZZGF
002347,TEGF
002348,GLGF
002349,JHZY
002350,BJKR
002351,MBZ
002352,SFKG
002353,JRGF
002354,TSYL
002355,XMZT
002356,HMJT
002357,FLYY
002358,SYDQ
002359,BXJT
002360,TDHG
002361,SJGF
002362,HWKJ
002363,LJJX
002364,ZHDQ
002365,YAYY
002366,THHD
002367,KLDT
002368,TJGF
002369,ZYKJ
002370,YTYY
002371,BFHC
002372,WXXC
002373,QFKJ
002374,LPGF
002375,YSGF
002376,XBY
002377,GCGX
002378,ZYWY
002379,HCKG
002380,KYGF
002381,SJGF
002382,LFYL
002383,HZSZ
002384,DSJM
002385,DBN
002386,TYJT
002387,WXN
002388,XYZC
002389,NYKJ
002390,XBZY
002391,CQGF
002392,BJLE
002393,LSZY
002394,LFGF
002395,SXGF
002396,XWRJ
002397,MJGF
002398,JYJT
002399,HPR
002400,SGJT
002401,ZYHK
002402,HET
002403,ASD
002404,JXSC
002405,SWTX
002406,YDCD
002407,DFD
002408,QXTD
002409,YKKJ
002410,GLD
002411,BKGF
002412,HSZY
002413,LKFW
002414,GDHW
002415,HKWS
002416,ASD
002417,SNGF
002418,KSGF
002419,THGF
002420,YCGF
002421,DSZN
002422,KLYY
002423,ZYTG
002424,GZBL
002425,KSWH
002426,SLJM
002427,STYF
002428,YNZY
002429,ZCGF
002430,HYGF
002431,ZLGF
002432,JAYL
002433,TAT
002434,WLY
002435,CJRF
002436,XSKJ
002437,YHYY
002438,JSST
002439,QMXC
002440,RTGF
002441,ZYD
002442,LXHG
002443,JZGD
002444,JXKJ
002445,ZNWH
002446,SLTX
002447,CXKJ
002448,ZYNP
002449,GXGD
002450,KDX
002451,MEDQ
002452,CGJT
002453,HRKJ
002454,SZGF
002455,BCGF
002456,OFKJ
002457,QLGY
002458,YSGF
002459,TYTL
002460,GFLY
002461,ZJPJ
002462,JST
002463,HDGF
002464,ZYHL
002465,HGTX
002466,TQLY
002467,ELS
002468,STKD
002469,SWGC
002470,JZD
002471,ZCKG
002472,SHCD
002473,STSL
002474,RJRJ
002475,LXJM
002476,BMGF
002477,CYNM
002478,CBGF
002479,FCHB
002480,XZGF
002481,STSP
002482,GTJT
002483,RBGF
002484,JHGF
002485,XNE
002486,JLJ
002487,DJZG
002488,JGGF
002489,ZJYQ
002490,SDML
002491,TDHL
002492,HJDX
002493,RSSH
002494,HSGF
002495,JLGF
002496,HFGF
002497,YHJT
002498,HLGF
002499,KLHB
002500,SXZQ
002501,LYJZ
002502,HWWH
002503,SYT
002504,HGCY
002505,DKNY
002506,XXJC
002507,FLZC
002508,LBDQ
002509,TGZM
002510,TQM
002511,ZSJR
002512,DHZN
002513,LFSH
002514,BXKJ
002515,JZHT
002516,KDKJ
002517,KYWL
002518,KSD
002519,YHDZ
002520,RFJJ
002521,QFXC
002522,ZJZC
002523,TQQZ
002524,GZJT
002526,SDKJ
002527,XSD
002528,YFT
002529,HYJX
002530,JCHL
002531,TSFN
002532,XJBY
002533,JBDG
002534,HGGF
002535,LZZJ
002536,XBGF
002537,HLJH
002538,SET
002539,YTKG
002540,YTKJ
002541,HLGG
002542,ZHYT
002543,WHDQ
002544,JSKJ
002545,DFTT
002546,XLDZ
002547,CXJG
002548,JXN
002549,KMTQ
002550,QHZY
002551,SRYL
002552,STBD
002553,NFZC
002554,HBP
002555,SQHY
002556,HLGF
002557,QQSP
002558,JRWL
002559,YWGF
002560,TDGF
002561,XJH
002562,XDKJ
002563,SMFS
002564,TWKJ
002565,SHGF
002566,YSYY
002567,TRS
002568,BRGF
002569,BSGF
002570,STYM
002571,DLGF
002572,SFY
002573,QXHJ
002574,MPZB
002575,QXWJ
002576,TDDL
002577,LBKJ
002578,MFLY
002579,ZJDZ
002580,SYGF
002581,WMYY
002582,HXN
002583,HND
002584,XLKX
002585,SXXC
002586,WHGF
002587,ATDZ
002588,SDL
002589,RKYY
002590,WAKJ
002591,HDGX
002592,BLKJ
002593,RSJT
002594,BYD
002595,HMKJ
002596,HNRZ
002597,JHSY
002598,SDZG
002599,STGF
002600,LYZZ
002601,LMBL
002602,SJHT
002603,YLYY
002604,STLL
002605,YJPK
002606,DLDC
002607,YXQC
002608,JSGX
002609,JSKJ
002610,AKKJ
002611,DFJG
002612,LZGF
002613,BBGF
002614,AJH
002615,HES
002616,CQJT
002617,LXKJ
002618,DBKJ
002619,AGLS
002620,RHGF
002621,SLGF
002622,RYJT
002623,YMD
002624,WMSJ
002625,GQJS
002626,JDW
002627,YCJY
002628,CDLQ
002629,RZGF
002630,HXNY
002631,DEWL
002632,DMGX
002633,SKGF
002634,BJGF
002635,AJKJ
002636,JAGJ
002637,ZYKJ
002638,QSGF
002639,XRGF
002640,KJT
002641,YGGF
002642,RZL
002643,WRGF
002644,FCZY
002645,HHKJ
002646,QQKJ
002647,RDKG
002648,WXSH
002649,BYKJ
002650,JJSP
002651,LJGF
002652,YZXC
002653,HSK
002654,WRKJ
002655,GDDS
002656,MDDD
002657,ZKJC
002658,XDL
002659,KWJY
002660,MSDY
002661,KMMY
002662,JWGF
002663,PBGF
002664,CYXZ
002665,SHJN
002666,DLJT
002667,AZGF
002668,AMDQ
002669,KDXC
002670,GSJK
002671,LQGF
002672,DJHB
002673,XBZQ
002674,XYKJ
002675,DCYY
002676,SWGF
002677,ZJMD
002678,ZJGQ
002679,FJJS
002680,STCS
002681,FDKJ
002682,LZGF
002683,HDBP
002684,MSKJ
002685,HDZJ
002686,YLD
002687,QZB
002688,JHSW
002689,YDZN
002690,MYGD
002691,JKGF
002692,RKGF
002693,SCYY
002694,GDKJ
002695,HSH
002696,BYGF
002697,HQLS
002698,BSGF
002699,MSWH
002700,XJHY
002701,ARJ
002702,HXSP
002703,ZJSB
002705,XBGF
002706,LXDQ
002707,ZXLY
002708,GYGF
002709,TCCL
002711,OPZW
002712,SMCM
002713,DYRS
002714,MYGF
002715,DYGF
002716,JGYY
002717,LNGF
002718,YBDD
002719,MQE
002721,JYWH
002722,JLGF
002723,JLT
002724,HYW
002725,YLGF
002726,LDRS
002727,YXT
002728,TYYY
002729,HLL
002730,DGKJ
002731,CHZB
002732,YTRY
002733,XTGF
002734,LMGF
002735,WZXC
002736,GXZQ
002737,KHYY
002738,ZKZY
002739,WDDY
002740,ADE
002741,GHKJ
002742,SSGF
002743,FHGG
002745,MLS
002746,XTGF
002747,ASD
002748,SLSY
002749,GGGF
002750,LJYY
002751,YSZS
002752,SXGF
002753,YDGF
002755,DFXX
002756,YXTG
002757,NXZB
002758,HTYY
002759,TJGF
002760,FXGF
002761,DXA
002762,JFLB
002763,HJGF
002765,LDCD
002766,SLGF
002767,XFDZ
002768,GEGF
002769,PLT
002770,KDRY
002771,ZST
002772,ZXJY
002773,KHYY
002774,KYDT
002775,WKYL
002776,BBL
002777,JYYH
002778,GKSH
002779,ZJKJ
002780,SFHW
002781,QXGF
002782,KLK
002783,KLGF
002785,WLS
002786,YBSX
002787,HYKG
002788,LYYY
002789,JYJT
002790,RET
002791,JLWJ
002792,TYTX
002793,DYGF
002795,YHZK
002796,SJKJ
002797,DYCY
002798,DOJJ
002799,HQYW
002800,TSGF
002801,WGGF
002802,HHXC
002803,JHGF
002805,FYGF
002806,HFGF
002807,JYYH
002808,SZHJ
002809,HQGF
002810,SDHD
002811,YTGJ
002812,CXGF
002813,LCKJ
002815,CDJS
002816,HKD
002817,HSJN
002818,FSM
002819,DFZK
002820,GFX
002821,KLY
002822,ZZJS
002823,KZJM
002824,HSGF
002825,NEGF
002826,YMYY
002827,GZMB
002828,BKNY
002829,XWYD
002830,MDGF
002831,YTKJ
002832,BYLF
002833,HYSK
002835,TWGF
002836,XHZ
002837,YWK
002838,DEGF
002839,ZJGH
002840,HTGF
002841,SYGF
002842,XLWY
002843,TJGF
002845,TXD
002846,YLGF
002847,YJPZ
002848,GSBE
002849,WXZN
002850,KDL
002851,MGMT
002852,DDQ
002853,PAN
002855,JRJS
002856,MZGF
002857,SHDQ
002858,LSSC
002859,JMKJ
002860,XSE
002861,YTTX
002862,SFWH
002863,JFKD
002864,PLYY
002865,JDGF
002866,CYKJ
002867,ZDS
002868,LKSH
002869,JYKJ
002870,XSGF
002871,WLGF
002872,TSZY
002873,XTYY
002875,ANE
002876,SLP
002877,ZNZK
002878,YLYT
002879,CLKJ
002880,WGSW
002881,MGZN
002882,JLY
002883,ZSGF
002884,LXBY
002885,JQH
002886,WTGF
002887,LYST
002888,HWKJ
002889,DFJS
002890,HYGF
002891,ZCGF
002892,KLE
002893,HTRL
002895,CHGF
002896,ZDLD
002897,YHGF
002898,SLYY
002899,YPS
002900,HSL
002901,DBYL
002902,MPGC
002903,YHSK
002905,JYYS
002906,HYJT
002907,HSZY
002908,DSKJ
002909,JTGF
002910,ZYMC
002911,FRGF
002912,ZXSK
002913,ASK
002915,ZXFC
002916,SNDL
002917,JAB
002918,MNLS
002919,MCJK
002920,DSXW
002921,LCJM
002922,YGE
002923,RDGF
002925,YQKJ
002926,HXZQ
002927,TYCZ
002928,HXHK
002929,RJTX
002930,HCZH
002931,FLGF
002932,MDSW
150008,RHXK
150009,RHYJ
150012,ZZ100A
150013,ZZ100B
150016,HRA
150017,HRB
150018,YHWJ
150019,YHRJ
150022,SCZA
150023,SCZB
150028,ZZ500A
150029,ZZ500B
150030,ZZ90A
150031,ZZ90B
150032,DLYX
150033,DLJQ
150036,JXWJ
150037,JXJQ
150047,XFA
150048,XFB
150049,XFSY
150050,XFJQ
150051,HS300A
150052,HS300B
150053,TD500A
150054,TD500B
150055,W
150056,W
150059,ZYAJ
150060,ZYBJ
150064,TRA
150065,TRB
150066,HLA
150067,HLB
150073,NAWJ
150075,NAJQ
150076,ZSWJ
150077,ZSJQ
150083,SZ100A
150084,SZ100B
150090,CCA
150091,CCB
150092,ND300A
150093,ND300B
150094,TX400A
150095,TX400B
150100,ZYA
150101,ZYB
150104,H
150105,H
150106,ZXA
150107,ZXB
150117,FDCA
150118,FDCB
150121,YHYX
150122,YHJQ
150123,JX50A
150124,JX50B
150130,YYA
150131,YYB
150135,GF100A
150136,GF100B
150138,ZZ800A
150139,ZZ800B
150143,ZZAJ
150144,ZZBJ
150145,GBTA
150146,GBTB
150148,YY800A
150149,YY800B
150150,YS800A
150151,YS800B
150152,CYBA
150153,CYBB
150157,JRA
150158,JRB
150164,KZZA
150165,KZZB
150167,YH300A
150168,YH300B
150169,HSA
150170,HSB
150171,ZQA
150172,ZQB
150173,TMTZZA
150174,TMTZZB
150175,HZQA
150176,HZQB
150177,ZBA
150178,ZBB
150179,XXA
150180,XXB
150181,JGA
150182,JGB
150184,HBA
150185,HBB
150186,JGAJ
150187,JGBJ
150188,ZZYX
150189,ZZJQ
150190,NCFHBA
150191,NCFHBB
150192,DCA
150193,DCB
150194,HLWA
150195,HLWB
150196,YSA
150197,YSB
150198,SPA
150199,SPB
150200,QSA
150201,QSB
150203,CMA
150204,CMB
150205,GFA
150206,GFB
150207,DCAD
150208,DCBD
150209,GQGA
150210,GQGB
150211,XNCA
150212,XNCB
150213,CCAJ
150214,CCBJ
150215,T
150216,T
150217,XNYA
150218,XNYB
150219,JKA
150220,JKB
150221,ZHJA
150222,ZHJB
150223,ZQAJ
150224,ZQBJ
150225,ZBAJ
150226,ZBBJ
150227,YHA
150228,YHB
150229,JA
150230,JB
150231,DZA
150232,DZB
150233,CMYA
150234,CMYB
150235,QSAJ
150236,QSBJ
150237,HBAJ
150238,HBBJ
150241,YHAJ
150242,YHBJ
150243,CYA
150244,CYB
150245,HLA
150246,HLB
150247,CMAJ
150248,CMBJ
150249,YHAD
150250,YHBD
150251,MTA
150252,MTB
150255,YHYA
150256,YHYB
150257,SWA
150258,SWB
150259,ZZA
150260,ZZB
150261,YLA
150262,YLB
150263,Y
150264,Y
150265,YDA
150266,YDB
150267,YHAL
150268,YHBL
150269,BJA
150270,BJB
150271,SWYA
150272,SWYB
150273,DLA
150274,DLB
150275,YDYA
150276,YDYB
150277,GTA
150278,GTB
150279,XNA
150280,XNB
150281,JRDA
150282,JRDB
150283,SWYYA
150284,SWYYB
150287,GTA
150288,GTB
150289,MTAJ
150290,MTBJ
150291,YHAF
150292,YHBF
150293,GTAJ
150294,GTBJ
150295,GGA
150296,GGB
150297,HLAJ
150298,HLBJ
150299,YHGA
150300,YHGB
150301,ZQGA
150302,ZQGB
150303,CYGA
150304,CYGB
150305,YLA
150306,YLB
150307,TYA
150308,TYB
150309,XXAA
150310,XXAB
150311,ZNA
150312,ZNB
150315,GY4A
150316,GY4B
150317,EJRA
150318,EJRB
150321,MTAJ
150322,MTBJ
150323,HBAD
150324,HBBD
150325,GTAD
150326,GTBD
150327,XNAJ
150328,XNBJ
150329,BXA
150330,BXB
150335,JGGA
150336,JGGB
150343,ZQAJ
150344,ZQBJ
159001,BZJ
159003,ZSKX
159005,TFKQ
159901,S100ETF
159902,ZXB
159903,SCETF
159905,SHL
159906,SCC
159907,ZX300
159908,SF200
159909,STMT
159910,SF120
159911,MYETF
159912,S300ETF
159913,SJZ
159915,CYB
159916,SF60
159918,ZC400
159919,S
159920,HSETF
159922,W
159923,Y
159925,NF300
159926,GZETF
159928,XFETF
159929,YYETF
159930,NYETF
159931,JRETF
159932,500SETF
159933,JDETF
159934,HJETF
159935,JS500
159936,KXXF
159937,BSHJ
159938,GFYY
159939,XXJS
159940,QZJR
159941,NZ100
159942,ZC100
159943,SZETF
159944,QZCL
159945,QZNY
159946,QZXF
159948,CYBEF
159949,CYB50
159950,SCZEF
159951,ZGCA
159952,CYETF
159953,GYETF
159954,HGETF
159955,CYBE
159956,CYBF
159957,CYBHX
159958,CYBET
160105,NFJP
160106,NFGZ
160119,NF500
160125,NFXG
160128,NFJL
160130,NFYL
160131,NFJL
160133,NFTY
160138,GQJM
160140,MGREIT
160211,GTXP
160212,GTGZ
160215,GTJZ
160216,GTSP
160220,GTMY
160223,CYBJ
160225,XQC
160311,HXLC
160314,HXHY
160322,GGJX
160323,HXPT
160324,HXPC
160415,HAS300
160416,SYJJ
160421,HAZZ
160422,DZSJ
160505,BSZT
160512,BSZY
160513,WJZA
160515,AF18
160518,BSRY
160519,BSRL
160520,HYA
160522,BSRY
160607,PHJZ
160610,PHDL
160611,PHZL
160613,PHCX
160615,PH300
160616,PH500
160617,PHFR
160618,PHFZ
160621,PHFH
160622,PHFL
160635,YYJJ
160642,PHZR
160643,KTYT
160644,HLWQD
160706,JS300A
160716,JS50A
160717,HSHG
160719,JSHJ
160720,ZQQZ
160722,JSHZ
160723,JSYY
160805,CSTZ
160806,CSTQ
160807,CS300
160812,CSTY
160813,CSTS
160910,DCCX
160915,DCJF
160916,YXLOF
160918,DCXP
160919,DCCY
160921,DCDZ
160922,HSZX
160924,HZLOF
161005,FGTH
161010,FGTF
161014,FGHL
161015,FGTY
161017,FG500
161019,FGTF
161033,ZNQC
161035,YYZQ
161036,YLZQ
161037,GDZZ
161038,CCLH
161039,FG1000
161115,YJSF
161116,YJHJ
161117,YJYX
161119,YJZZ
161124,XGXP
161125,BP500
161126,BPYY
161127,BPSW
161128,BPKJ
161129,YYJJ
161130,NZLOF
161210,GTXX
161213,GTXF
161216,SZA
161217,GTZY
161219,GTCY
161222,GTRL
161224,GTSL
161225,GTRY
161226,BYJJ
161227,SZ100
161229,GTZG
161230,FLAL
161232,GTRS
161233,GTRT
161505,YHTL
161607,RTJC
161610,RTLX
161614,RTTL
161626,RTTF
161631,RGZN
161706,ZSCC
161713,ZSXY
161714,ZSJZ
161715,DZSP
161716,ZSSZ
161722,ZSFT
161727,ZSZR
161810,YHNX
161813,YHXY
161815,YHTZ
161820,YHCZ
161823,YHYX
161831,HSZQ
161834,YHXR
161835,YHHF
161903,WJYX
161907,WJHL
161908,WJTL
161911,WJQZ
162006,CCJF
162105,CJZL
162108,YSZQ
162207,TDXL
162215,TDJL
162307,HF100
162411,HBYQ
162414,XJY
162415,MGXF
162416,XGBD
162510,GASL
162605,JSDY
162607,JSZY
162703,GFXP
162711,GF500L
162712,GFJL
162715,GFJY
162717,ZRZ
162718,GFXR
162719,GFSY
163001,CXYL
163003,CXLX
163005,CXLZ
163110,SWLH
163111,SWZX
163119,SWJK
163208,NAYQ
163210,NACZ
163302,DMZY
163402,XQQS
163407,XQ300
163409,XQLS
163412,XQQZ
163415,XQMS
163417,XQHY
163503,TZHX
163801,ZYZG
163819,ZYXY
163821,ZY300E
163824,ZYSL
163827,ZYCZ
163907,ZHHY
164105,HFQZ
164206,THTL
164208,THFL
164210,THTL
164302,XHHX
164403,NYJX
164509,GFHL
164606,XYZL
164701,TFGJ
164702,TFJH
164703,TFCZ
164705,TFHS
164808,GYSJ
164810,GYCZ
164814,GYSZ
164824,YDJJ
164902,JYTL
164906,ZGHL
165309,JX300
165311,JXXY
165313,JXYS
165317,JXFY
165508,XCSD
165509,XCZQ
165510,XCSG
165512,XCJY
165513,XCSP
165516,XCZQ
165517,XCSY
165525,JJGC
165528,XCDL
165807,DWDL
166001,ZOQS
166006,ZOCC
166007,ZO300
166008,ZOQZ
166009,ZODL
166011,ZOSS
166012,ZOXY
166016,ZOCZ
166023,ZORF
166024,ZOHL
166105,XDXA
166401,ZLC
166402,HGSF
166902,MSZL
166904,MSTL
167001,PADT
167002,PADY
167003,PADH
167501,AXBL
168002,GSJX
168101,JTRZ
168102,JTRF
168103,JTRY
168104,JTRF
168105,JTTF
168106,JTRH
168108,JTRC
168301,DHXL
168401,HTDZ
169101,DZRF
169102,DZRY
169103,DZRX
169104,DZRM
169105,DZRH
169106,DZCY
169201,ZSDY
184801,PHQH
300001,TRD
300002,SZTY
300003,LPYL
300004,NFGF
300005,TLZ
300006,LMYY
300007,HWKJ
300008,THFW
300009,AKSW
300010,LSC
300011,DHJS
300012,HCJC
300013,XNWL
300014,YWLN
300015,AEYK
300016,BLYY
300017,WSKJ
300018,ZYGF
300019,GBKJ
300020,YJGF
300021,DYJS
300022,JFNJ
300023,BDGF
300024,JQR
300025,HXCY
300026,HRYY
300027,HYXD
300028,JYKJ
300029,TLGD
300030,YPYL
300031,BTKJ
300032,JLJD
300033,THS
300034,GYGN
300035,ZKDQ
300036,CTRJ
300037,XZB
300038,MTN
300039,SHKB
300040,JZDQ
300041,HTXC
300042,LKKJ
300043,XHYL
300044,SWZN
300045,HLCT
300046,TJGF
300047,TYDK
300048,HKXN
300049,FRGF
300050,SJDL
300051,SWHL
300052,ZQB
300053,OBT
300054,DLGF
300055,WBD
300056,SWS
300057,WSGF
300058,LSGB
300059,DFCF
300061,KQGF
300062,ZNDQ
300063,TLJT
300064,YJGS
300065,HLX
300066,SCZH
300067,ANQ
300068,NDDY
300069,JLHD
300070,BSY
300071,HYJX
300072,SJHB
300073,DSKJ
300074,HPGF
300075,SZZT
300076,GQYSX
300077,GMJS
300078,SCYH
300079,SMKJ
300080,YCXN
300081,HXDF
300082,AKGF
300083,JSZN
300084,HMKJ
300085,YZJ
300086,KZYY
300087,QYGK
300088,CXKJ
300089,WHCC
300090,SYHB
300091,JTL
300092,KXJD
300093,JGBL
300094,GLSC
300095,HWGF
300096,YLZ
300097,ZYGF
300098,GXX
300099,JZXX
300100,SLGF
300101,ZXKJ
300102,QZGD
300103,DGLJ
300104,LSW
300105,LYJS
300106,XBMY
300107,JXGF
300108,JYKG
300109,XKY
300110,HRYY
300111,XRK
300112,WXZK
300113,SWKJ
300114,ZHDC
300115,CYJM
300116,JRWN
300117,JYGF
300118,DFRS
300119,RPSW
300120,JWHK
300121,YGHT
300122,ZFSW
300123,YGKJ
300124,HCJS
300125,YSD
300126,RQGF
300127,YHCT
300128,JFJS
300129,TSFN
300130,XGD
300131,YTZK
300132,QSGF
300133,HCYS
300134,DFKJ
300135,BLGJ
300136,XWTX
300137,XHHB
300138,CGSW
300139,XCKJ
300140,ZHZB
300141,HSDQ
300142,WSSW
300143,XPYK
300144,SCYY
300145,ZJHJ
300146,TCBJ
300147,XXZY
300148,TZWH
300149,LZSW
300150,SJRE
300151,CHKJ
300152,KRHJ
300153,KTDY
300154,RLGF
300155,AJB
300156,SWHB
300157,HTAP
300158,ZDZY
300159,XYGF
300160,XQGF
300161,HZSK
300162,LMGF
300163,XFXC
300164,TYSY
300165,TRYQ
300166,DFGX
300167,DWX
300168,WDXX
300169,TSXC
300170,HDXX
300171,DFL
300172,ZDHB
300173,ZHSD
300174,YLGF
300175,LYGF
300176,HTKJ
300177,ZHD
300178,TBGJ
300179,SFD
300180,HFCX
300181,ZLYY
300182,JCGF
300183,DRZB
300184,LYXX
300185,TYZG
300187,YQHB
300188,MYBK
300189,SNJY
300190,WEL
300191,QNHX
300192,KSWD
300193,JSKJ
300194,FAYY
300195,CRGF
300196,CHGF
300197,THST
300198,NCGF
300199,HYYY
300200,GMXC
300201,HLZ
300202,JLGF
300203,JGKJ
300204,STS
300205,TYXX
300206,LBYQ
300207,XWD
300208,HSZS
300209,TZXX
300210,SYGF
300211,YTKJ
300212,YHL
300213,JXFH
300214,RKHX
300215,DKY
300216,QSYJ
300217,DFDR
300218,ALGF
300219,HLZH
300220,JYJG
300221,YXKJ
300222,KDZN
300223,BJJZ
300224,ZHCC
300225,JLT
300226,SHGL
300227,GYD
300228,FRTZ
300229,TES
300230,YLGF
300231,YXKJ
300232,ZMKJ
300233,JCYY
300234,KEXC
300235,FZKJ
300236,SHXY
300237,MCST
300238,GHSW
300239,DBSW
300240,FLD
300241,RFGD
300242,JYKJ
300243,RFGC
300244,DAZD
300245,TJKJ
300246,BLT
300247,LJJK
300248,XKP
300249,YMK
300250,CLXX
300251,GXCM
300252,JXN
300253,WNJK
300254,QYYY
300255,CSYY
300256,XXKJ
300257,KSGF
300258,JDKJ
300259,XTKJ
300260,XLYC
300261,YBHX
300262,BASW
300263,LHJN
300264,JCSX
300265,TGXL
300266,XYHJ
300267,EKZY
300268,JWGF
300269,LJGD
300270,ZWDZ
300271,HYRJ
300272,KNJK
300273,HJGF
300274,YGDY
300275,MAS
300276,SFZN
300277,HLX
300278,HCD
300279,HJKJ
300280,ZTKJ
300281,JMJJ
300282,SSJY
300283,WZHF
300284,SJK
300285,GCCL
300286,AKR
300287,FLX
300288,LMXX
300289,LDM
300290,RKKJ
300291,HLBN
300292,WTKG
300293,LYZB
300294,BYSW
300295,SLWW
300296,LYD
300297,LDGF
300298,SNSW
300299,FCGF
300300,HDYY
300301,CFJT
300302,TYKJ
300303,JFGD
300304,YYDQ
300305,YXGF
300306,YFXX
300307,CXGF
300308,ZJXC
300309,JAKJ
300310,YTSJ
300311,RZX
300312,BXJS
300313,TSSW
300314,DWYL
300315,ZQKJ
300316,JSJD
300317,JWGF
300318,BHCX
300319,MJKJ
300320,HDGF
300321,TDGF
300322,SBD
300323,HCGD
300324,XJXX
300325,DWXC
300326,KLT
300327,ZYDZ
300328,YAKJ
300329,HLGQ
300330,HHJT
300331,SDWG
300332,THHJ
300333,ZRKJ
300334,JMKJ
300335,DSGF
300336,XWH
300337,YBGF
300338,KYGF
300339,RHRJ
300340,KHGF
300341,MDDQ
300342,TYJD
300343,LCHL
300344,TKZZ
300345,HYXC
300346,NDGD
300347,TGYY
300348,CLKJ
300349,JKZN
300350,HPF
300351,YGDQ
300352,BXY
300353,DTKJ
300354,DHCS
300355,MCST
300356,GYKJ
300357,WWSW
300358,CTKJ
300359,QTJY
300360,JHKJ
300362,TXHJ
300363,BTGF
300364,ZWZX
300365,HHKJ
300366,CYXX
300367,DFWL
300368,HJGF
300369,LMKJ
300370,AKKJ
300371,HZGF
300373,YJKJ
300374,HTKJ
300375,PLGF
300376,YST
300377,YSS
300378,DJRJ
300379,DFT
300380,ASXX
300381,YDL
300382,SLK
300383,GHXW
300384,SLHP
300385,XLHJ
300386,FTCX
300387,FBGF
300388,GZHB
300389,ABS
300390,THCJ
300391,KYKJ
300392,TXGF
300393,ZLGF
300394,TFTX
300395,FLH
300396,DRYL
300397,THFW
300398,FKCL
300399,JTL
300400,JTGF
300401,HYSW
300402,BSGF
300403,DEHY
300404,BJYY
300405,KLGF
300406,JQSW
300407,KFDQ
300408,SHJT
300409,DSJS
300410,ZYKJ
300411,JDGF
300412,JNKJ
300413,MGCM
300414,ZGFL
300415,YZM
300416,SSSY
300417,NHYQ
300418,KLWW
300419,HFKJ
300420,WYTC
300421,LXGF
300422,BSK
300423,LYT
300424,HXKJ
300425,HNKJ
300426,TDYS
300427,HXGF
300428,STXC
300429,QLXC
300430,CYT
300431,BFJT
300432,FLJG
300433,LSKJ
300434,JSDF
300435,ZTGF
300436,GST
300437,QSY
300438,PHNY
300439,MKSW
300440,YDKJ
300441,BSGF
300442,PLS
300443,JLFD
300444,SJDQ
300445,KST
300446,LKXC
300447,QXGF
300448,HYKJ
300449,HBGK
300450,XDZN
300451,CYRJ
300452,SHYF
300453,SXYL
300454,SXF
300455,KTHW
300456,NWKJ
300457,YHKJ
300458,QZKJ
300459,JKWH
300460,HLJT
300461,TZJJ
300462,HMZN
300463,MKSW
300464,XHJM
300465,GWD
300466,SMDQ
300467,XYKJ
300468,SFJC
300469,XXFZ
300470,RJMF
300471,HPGF
300472,XYKJ
300473,DEGF
300474,JJW
300475,JLKJ
300476,SHKJ
300477,HZKJ
300478,HZGX
300479,SSDZ
300480,GLKJ
300481,PYHC
300482,WFSW
300483,WSGF
300484,LHHT
300485,SSYY
300486,DJZN
300487,LXKJ
300488,HFGJ
300489,ZFGF
300490,HZKJ
300491,THKJ
300492,SDSJ
300493,RXKJ
300494,STWL
300495,MSST
300496,ZKCD
300497,FXGF
300498,WSGF
300499,GLGF
300500,QDSJ
300501,HSXC
300502,XYS
300503,HZJD
300504,TYGF
300505,CJN
300506,MJH
300507,SACG
300508,WHGF
300509,XMX
300510,JGDQ
300511,XRSW
300512,ZYGF
300513,HTSD
300514,YXD
300515,SDKJ
300516,JZY
300517,HBZK
300518,SXD
300519,XGYY
300520,KDGC
300521,ASK
300522,SMKJ
300523,CAKJ
300525,BSRJ
300526,ZQGF
300527,ZGYJ
300528,XFLH
300529,JFSW
300530,DZKJ
300531,YBX
300532,JTGJ
300533,BCWL
300534,LSRF
300535,DWGF
300536,NSHJ
300537,GXCL
300538,TYGF
300539,HHMJ
300540,SLGF
300541,XJST
300542,XCKJ
300543,LKZN
300545,LDZB
300546,XDKJ
300547,CHKJ
300548,BCKJ
300549,YDJM
300550,HRKJ
300551,GAKJ
300552,WJKJ
300553,JZGF
300554,SCXC
300555,LTSX
300556,SLSJ
300557,LGGK
300558,BDYY
300559,JFJY
300560,ZFT
300561,HJKJ
300562,LXYL
300563,SYGF
300565,KXJS
300566,JZKJ
300567,JCDZ
300568,XYCZ
300569,TNZG
300570,TCG
300571,PZXX
300572,ACJC
300573,XQYY
300575,ZQGF
300576,RDGG
300577,KRGF
300578,HCTX
300579,SZRZ
300580,BST
300581,CXHK
300582,YFT
300583,STSW
300584,HCYY
300585,ALDZ
300586,MLXC
300587,TTGF
300588,XLXX
300589,JLCT
300590,YWTX
300591,WLM
300592,HKCY
300593,XLN
300595,OPKS
300596,LAL
300597,JDTX
300598,CMKJ
300599,XSKJ
300600,RTGF
300601,KTSW
300602,FRD
300603,LAJS
300604,CCKJ
300605,HFXX
300606,JTY
300607,TSD
300608,STQ
300609,HNKJ
300610,CHGF
300611,MLKJ
300612,XYGJ
300613,FHW
300615,XTKJ
300616,SPZP
300617,AKZD
300618,HRGY
300619,JYH
300620,GKKJ
300621,WYGF
300622,BSYJ
300623,JJWD
300624,WXKJ
300625,SXJG
300626,HRGF
300627,HCDH
300628,YLWL
300629,XJG
300630,PLZY
300631,JWGK
300632,GPGF
300633,KLYL
300634,CXGF
300635,DAGF
300636,THYY
300637,YFXC
300638,GHT
300639,KPSW
300640,DYWC
300641,ZDGF
300642,TJSM
300643,WTZK
300644,NJJL
300645,ZYZH
300647,CPS
300648,XYGF
300649,HZYL
300650,TLZM
300651,JLTY
300652,LDK
300653,ZHSW
300654,SJTH
300655,JRGF
300656,MDDZ
300657,HXDZ
300658,YJGF
300659,ZFXX
300660,JSLL
300661,SBGF
300662,KRGJ
300663,KLRJ
300664,PYHB
300665,FLGF
300666,JFDZ
300667,BCKJ
300668,JESJ
300669,HNGF
300670,DYZN
300671,FMDZ
300672,GKW
300673,PDGF
300675,JKY
300676,HDJY
300677,YKYL
300678,ZKXX
300679,DLJS
300680,LSKJ
300681,YBE
300682,LXKJ
300683,HTSW
300684,ZSKJ
300685,ADSW
300686,ZDL
300687,SYXX
300688,CYHM
300689,CTWY
300690,SYKJ
300691,LHGD
300692,ZHHB
300693,SHGF
300695,ZFGF
300696,ALD
300697,DGHJ
300698,WMKJ
300699,GWFC
300700,DLXC
300701,SBCG
300702,TYGF
300703,CYWH
300705,JDZY
300706,ASC
300707,WTGY
300708,JCGD
300709,JYKJ
300710,WLGD
300711,GHTX
300712,YFGF
300713,YKR
300715,KLGF
300716,GLKJ
300717,HXXC
300718,CSZC
300719,ADWE
300720,HCZN
300721,YDGF
300722,XYGK
300723,YPH
300725,YSKJ
300726,HDDZ
300727,RHCL
300729,LGGF
300730,KCXX
300731,KCXY
300732,SYY
300733,XLDL
300735,GHKJ
300736,BHYB
300737,KSGF
300738,AFSJ
300739,MYDL
300740,YJH
300741,HBGF
300742,YBDL
300743,TDSM
300745,XRKJ
300746,HJSJ
300747,RKJG
300750,NDSD
